image_name,Type
0.jpg,2
1.jpg,2
10.jpg,2
100.jpg,2
101.jpg,3
102.jpg,2
103.jpg,2
104.jpg,2
105.jpg,2
106.jpg,2
107.jpg,2
108.jpg,2
109.jpg,2
11.jpg,2
110.jpg,2
111.jpg,2
112.jpg,3
113.jpg,2
114.jpg,2
115.jpg,2
116.jpg,2
117.jpg,2
118.jpg,3
119.jpg,2
12.jpg,3
120.jpg,2
121.jpg,2
122.jpg,2
123.jpg,2
124.jpg,2
125.jpg,2
126.jpg,2
127.jpg,2
128.jpg,2
129.jpg,2
13.jpg,2
130.jpg,2
131.jpg,3
132.jpg,2
133.jpg,2
134.jpg,3
135.jpg,2
136.jpg,2
137.jpg,2
138.jpg,2
139.jpg,2
14.jpg,3
140.jpg,2
141.jpg,2
142.jpg,2
143.jpg,2
144.jpg,2
145.jpg,2
146.jpg,2
147.jpg,2
148.jpg,2
149.jpg,1
15.jpg,2
150.jpg,2
151.jpg,2
152.jpg,2
153.jpg,2
154.jpg,2
155.jpg,2
156.jpg,2
157.jpg,2
158.jpg,2
159.jpg,2
16.jpg,3
160.jpg,2
161.jpg,2
162.jpg,2
163.jpg,2
164.jpg,2
165.jpg,2
166.jpg,1
167.jpg,2
168.jpg,2
169.jpg,2
17.jpg,2
170.jpg,2
171.jpg,2
172.jpg,2
173.jpg,2
174.jpg,2
175.jpg,2
176.jpg,3
177.jpg,2
178.jpg,2
179.jpg,2
18.jpg,2
180.jpg,2
181.jpg,2
182.jpg,3
183.jpg,2
184.jpg,2
185.jpg,2
186.jpg,2
187.jpg,2
188.jpg,2
189.jpg,2
19.jpg,2
190.jpg,3
191.jpg,2
192.jpg,2
193.jpg,2
194.jpg,2
195.jpg,2
196.jpg,2
197.jpg,2
198.jpg,3
199.jpg,2
2.jpg,2
20.jpg,2
200.jpg,2
201.jpg,2
202.jpg,3
203.jpg,2
204.jpg,2
205.jpg,2
206.jpg,2
207.jpg,2
208.jpg,2
209.jpg,3
21.jpg,2
210.jpg,3
211.jpg,2
212.jpg,2
213.jpg,2
214.jpg,2
215.jpg,2
216.jpg,2
217.jpg,2
218.jpg,2
219.jpg,2
22.jpg,2
220.jpg,2
221.jpg,2
222.jpg,2
223.jpg,3
224.jpg,2
225.jpg,2
226.jpg,2
227.jpg,2
228.jpg,2
229.jpg,2
23.jpg,2
230.jpg,2
231.jpg,2
232.jpg,2
233.jpg,2
234.jpg,2
235.jpg,2
236.jpg,2
237.jpg,2
238.jpg,3
239.jpg,2
24.jpg,2
240.jpg,3
241.jpg,2
242.jpg,2
243.jpg,2
244.jpg,2
245.jpg,2
246.jpg,2
247.jpg,2
248.jpg,3
249.jpg,2
25.jpg,2
250.jpg,2
251.jpg,2
252.jpg,2
253.jpg,2
254.jpg,2
255.jpg,2
256.jpg,2
257.jpg,2
258.jpg,3
259.jpg,3
26.jpg,2
260.jpg,2
261.jpg,2
262.jpg,2
263.jpg,2
264.jpg,2
265.jpg,2
266.jpg,2
267.jpg,2
268.jpg,2
269.jpg,2
27.jpg,3
270.jpg,2
271.jpg,2
272.jpg,2
273.jpg,2
274.jpg,2
275.jpg,2
276.jpg,2
277.jpg,2
278.jpg,2
279.jpg,2
28.jpg,2
280.jpg,2
281.jpg,2
282.jpg,2
283.jpg,2
284.jpg,2
285.jpg,2
286.jpg,2
287.jpg,2
288.jpg,2
289.jpg,2
29.jpg,2
290.jpg,2
291.jpg,2
292.jpg,2
293.jpg,2
294.jpg,2
295.jpg,2
296.jpg,2
297.jpg,2
298.jpg,2
299.jpg,2
3.jpg,3
30.jpg,2
300.jpg,2
301.jpg,2
302.jpg,2
303.jpg,2
304.jpg,2
305.jpg,2
306.jpg,2
307.jpg,3
308.jpg,2
309.jpg,2
31.jpg,2
310.jpg,2
311.jpg,3
312.jpg,2
313.jpg,2
314.jpg,2
315.jpg,2
316.jpg,2
317.jpg,2
318.jpg,2
319.jpg,2
32.jpg,2
320.jpg,2
321.jpg,2
322.jpg,2
323.jpg,2
324.jpg,2
325.jpg,3
326.jpg,2
327.jpg,2
328.jpg,2
329.jpg,2
33.jpg,2
330.jpg,2
331.jpg,2
332.jpg,2
333.jpg,2
334.jpg,2
335.jpg,2
336.jpg,2
337.jpg,2
338.jpg,2
339.jpg,2
34.jpg,2
340.jpg,2
341.jpg,2
342.jpg,2
343.jpg,2
344.jpg,2
345.jpg,2
346.jpg,2
347.jpg,2
348.jpg,3
349.jpg,2
35.jpg,2
350.jpg,3
351.jpg,2
352.jpg,2
353.jpg,2
354.jpg,2
355.jpg,2
356.jpg,2
357.jpg,2
358.jpg,2
359.jpg,2
36.jpg,2
360.jpg,2
361.jpg,2
362.jpg,2
363.jpg,2
364.jpg,3
365.jpg,2
366.jpg,3
367.jpg,2
368.jpg,3
369.jpg,2
37.jpg,2
370.jpg,3
371.jpg,2
372.jpg,3
373.jpg,2
374.jpg,2
375.jpg,2
376.jpg,3
377.jpg,2
378.jpg,2
379.jpg,2
38.jpg,2
380.jpg,3
381.jpg,2
382.jpg,2
383.jpg,2
384.jpg,3
385.jpg,2
386.jpg,2
387.jpg,2
388.jpg,2
389.jpg,2
39.jpg,2
390.jpg,2
391.jpg,2
392.jpg,2
393.jpg,2
394.jpg,2
395.jpg,2
396.jpg,2
397.jpg,2
398.jpg,2
399.jpg,3
4.jpg,3
40.jpg,3
400.jpg,2
401.jpg,2
402.jpg,2
403.jpg,2
404.jpg,2
405.jpg,2
406.jpg,2
407.jpg,2
408.jpg,2
409.jpg,2
41.jpg,2
410.jpg,2
411.jpg,2
412.jpg,2
413.jpg,2
414.jpg,2
415.jpg,2
416.jpg,2
417.jpg,2
418.jpg,2
419.jpg,2
42.jpg,2
420.jpg,3
421.jpg,2
422.jpg,2
423.jpg,2
424.jpg,3
425.jpg,2
426.jpg,2
427.jpg,2
428.jpg,2
429.jpg,2
43.jpg,2
430.jpg,2
431.jpg,2
432.jpg,2
433.jpg,2
434.jpg,2
435.jpg,2
436.jpg,2
437.jpg,2
438.jpg,2
439.jpg,2
44.jpg,2
440.jpg,3
441.jpg,2
442.jpg,2
443.jpg,2
444.jpg,2
445.jpg,2
446.jpg,3
447.jpg,2
448.jpg,2
449.jpg,2
45.jpg,2
450.jpg,2
451.jpg,2
452.jpg,3
453.jpg,2
454.jpg,3
455.jpg,2
456.jpg,2
457.jpg,2
458.jpg,2
459.jpg,2
46.jpg,2
460.jpg,2
461.jpg,2
462.jpg,2
463.jpg,2
464.jpg,2
465.jpg,2
466.jpg,2
467.jpg,2
468.jpg,2
469.jpg,2
47.jpg,2
470.jpg,2
471.jpg,2
472.jpg,3
473.jpg,2
474.jpg,2
475.jpg,2
476.jpg,2
477.jpg,2
478.jpg,2
479.jpg,2
48.jpg,2
480.jpg,2
481.jpg,2
482.jpg,2
483.jpg,2
484.jpg,2
485.jpg,2
486.jpg,2
487.jpg,2
488.jpg,2
489.jpg,2
49.jpg,2
490.jpg,2
491.jpg,2
492.jpg,2
493.jpg,2
494.jpg,2
495.jpg,2
496.jpg,2
497.jpg,2
498.jpg,2
499.jpg,3
5.jpg,2
50.jpg,3
500.jpg,2
501.jpg,2
502.jpg,2
503.jpg,2
504.jpg,2
505.jpg,2
506.jpg,2
507.jpg,2
508.jpg,2
509.jpg,2
51.jpg,2
510.jpg,2
511.jpg,2
52.jpg,3
53.jpg,2
54.jpg,2
55.jpg,2
56.jpg,2
57.jpg,2
58.jpg,2
59.jpg,2
6.jpg,2
60.jpg,2
61.jpg,2
62.jpg,2
63.jpg,2
64.jpg,1
65.jpg,2
66.jpg,2
67.jpg,3
68.jpg,2
69.jpg,2
7.jpg,2
70.jpg,2
71.jpg,2
72.jpg,2
73.jpg,3
74.jpg,2
75.jpg,2
76.jpg,3
77.jpg,2
78.jpg,3
79.jpg,2
8.jpg,2
80.jpg,2
81.jpg,2
82.jpg,2
83.jpg,2
84.jpg,2
85.jpg,2
86.jpg,2
87.jpg,2
88.jpg,2
89.jpg,2
9.jpg,2
90.jpg,2
91.jpg,2
92.jpg,2
93.jpg,2
94.jpg,2
95.jpg,2
96.jpg,2
97.jpg,2
98.jpg,2
99.jpg,3
